date,type,value,unit,location,geography,frequency,source_url,observed_or_effective
2023-01-02,fuel,3.295,USD_per_gallon,Chicago metro,regional_proxy,weekly,https://www.eia.gov/dnav/pet/hist/LeafHandler.ashx?f=W&n=PET&s=EMM_EPMR_PTE_YORD_DPG,observed
2023-01-09,fuel,3.421,USD_per_gallon,Chicago metro,regional_proxy,weekly,https://www.eia.gov/dnav/pet/hist/LeafHandler.ashx?f=W&n=PET&s=EMM_EPMR_PTE_YORD_DPG,observed
2023-01-16,fuel,3.563,USD_per_gallon,Chicago metro,regional_proxy,weekly,https://www.eia.gov/dnav/pet/hist/LeafHandler.ashx?f=W&n=PET&s=EMM_EPMR_PTE_YORD_DPG,observed
2023-01-23,fuel,3.548,USD_per_gallon,Chicago metro,regional_proxy,weekly,https://www.eia.gov/dnav/pet/hist/LeafHandler.ashx?f=W&n=PET&s=EMM_EPMR_PTE_YORD_DPG,observed
2023-01-30,fuel,3.739,USD_per_gallon,Chicago metro,regional_proxy,weekly,https://www.eia.gov/dnav/pet/hist/LeafHandler.ashx?f=W&n=PET&s=EMM_EPMR_PTE_YORD_DPG,observed
2023-02-06,fuel,3.654,USD_per_gallon,Chicago metro,regional_proxy,weekly,https://www.eia.gov/dnav/pet/hist/LeafHandler.ashx?f=W&n=PET&s=EMM_EPMR_PTE_YORD_DPG,observed
2023-02-13,fuel,3.594,USD_per_gallon,Chicago metro,regional_proxy,weekly,https://www.eia.gov/dnav/pet/hist/LeafHandler.ashx?f=W&n=PET&s=EMM_EPMR_PTE_YORD_DPG,observed
2023-02-20,fuel,3.511,USD_per_gallon,Chicago metro,regional_proxy,weekly,https://www.eia.gov/dnav/pet/hist/LeafHandler.ashx?f=W&n=PET&s=EMM_EPMR_PTE_YORD_DPG,observed
2023-02-27,fuel,3.541,USD_per_gallon,Chicago metro,regional_proxy,weekly,https://www.eia.gov/dnav/pet/hist/LeafHandler.ashx?f=W&n=PET&s=EMM_EPMR_PTE_YORD_DPG,observed
2023-03-06,fuel,3.553,USD_per_gallon,Chicago metro,regional_proxy,weekly,https://www.eia.gov/dnav/pet/hist/LeafHandler.ashx?f=W&n=PET&s=EMM_EPMR_PTE_YORD_DPG,observed
2023-03-13,fuel,3.653,USD_per_gallon,Chicago metro,regional_proxy,weekly,https://www.eia.gov/dnav/pet/hist/LeafHandler.ashx?f=W&n=PET&s=EMM_EPMR_PTE_YORD_DPG,observed
2023-03-20,fuel,3.623,USD_per_gallon,Chicago metro,regional_proxy,weekly,https://www.eia.gov/dnav/pet/hist/LeafHandler.ashx?f=W&n=PET&s=EMM_EPMR_PTE_YORD_DPG,observed
2023-03-27,fuel,3.718,USD_per_gallon,Chicago metro,regional_proxy,weekly,https://www.eia.gov/dnav/pet/hist/LeafHandler.ashx?f=W&n=PET&s=EMM_EPMR_PTE_YORD_DPG,observed
2023-04-03,fuel,3.922,USD_per_gallon,Chicago metro,regional_proxy,weekly,https://www.eia.gov/dnav/pet/hist/LeafHandler.ashx?f=W&n=PET&s=EMM_EPMR_PTE_YORD_DPG,observed
2023-04-10,fuel,4.044,USD_per_gallon,Chicago metro,regional_proxy,weekly,https://www.eia.gov/dnav/pet/hist/LeafHandler.ashx?f=W&n=PET&s=EMM_EPMR_PTE_YORD_DPG,observed
2023-04-17,fuel,4.172,USD_per_gallon,Chicago metro,regional_proxy,weekly,https://www.eia.gov/dnav/pet/hist/LeafHandler.ashx?f=W&n=PET&s=EMM_EPMR_PTE_YORD_DPG,observed
2023-04-24,fuel,4.185,USD_per_gallon,Chicago metro,regional_proxy,weekly,https://www.eia.gov/dnav/pet/hist/LeafHandler.ashx?f=W&n=PET&s=EMM_EPMR_PTE_YORD_DPG,observed
2023-05-01,fuel,4.174,USD_per_gallon,Chicago metro,regional_proxy,weekly,https://www.eia.gov/dnav/pet/hist/LeafHandler.ashx?f=W&n=PET&s=EMM_EPMR_PTE_YORD_DPG,observed
2023-05-08,fuel,4.100,USD_per_gallon,Chicago metro,regional_proxy,weekly,https://www.eia.gov/dnav/pet/hist/LeafHandler.ashx?f=W&n=PET&s=EMM_EPMR_PTE_YORD_DPG,observed
2023-05-15,fuel,4.054,USD_per_gallon,Chicago metro,regional_proxy,weekly,https://www.eia.gov/dnav/pet/hist/LeafHandler.ashx?f=W&n=PET&s=EMM_EPMR_PTE_YORD_DPG,observed
2023-05-22,fuel,4.101,USD_per_gallon,Chicago metro,regional_proxy,weekly,https://www.eia.gov/dnav/pet/hist/LeafHandler.ashx?f=W&n=PET&s=EMM_EPMR_PTE_YORD_DPG,observed
2023-05-29,fuel,4.125,USD_per_gallon,Chicago metro,regional_proxy,weekly,https://www.eia.gov/dnav/pet/hist/LeafHandler.ashx?f=W&n=PET&s=EMM_EPMR_PTE_YORD_DPG,observed
2023-06-05,fuel,4.046,USD_per_gallon,Chicago metro,regional_proxy,weekly,https://www.eia.gov/dnav/pet/hist/LeafHandler.ashx?f=W&n=PET&s=EMM_EPMR_PTE_YORD_DPG,observed
2023-06-12,fuel,4.187,USD_per_gallon,Chicago metro,regional_proxy,weekly,https://www.eia.gov/dnav/pet/hist/LeafHandler.ashx?f=W&n=PET&s=EMM_EPMR_PTE_YORD_DPG,observed
2023-06-19,fuel,4.301,USD_per_gallon,Chicago metro,regional_proxy,weekly,https://www.eia.gov/dnav/pet/hist/LeafHandler.ashx?f=W&n=PET&s=EMM_EPMR_PTE_YORD_DPG,observed
2023-06-26,fuel,4.191,USD_per_gallon,Chicago metro,regional_proxy,weekly,https://www.eia.gov/dnav/pet/hist/LeafHandler.ashx?f=W&n=PET&s=EMM_EPMR_PTE_YORD_DPG,observed
2023-07-03,fuel,4.046,USD_per_gallon,Chicago metro,regional_proxy,weekly,https://www.eia.gov/dnav/pet/hist/LeafHandler.ashx?f=W&n=PET&s=EMM_EPMR_PTE_YORD_DPG,observed
2023-07-10,fuel,3.975,USD_per_gallon,Chicago metro,regional_proxy,weekly,https://www.eia.gov/dnav/pet/hist/LeafHandler.ashx?f=W&n=PET&s=EMM_EPMR_PTE_YORD_DPG,observed
2023-07-17,fuel,4.009,USD_per_gallon,Chicago metro,regional_proxy,weekly,https://www.eia.gov/dnav/pet/hist/LeafHandler.ashx?f=W&n=PET&s=EMM_EPMR_PTE_YORD_DPG,observed
2023-07-24,fuel,3.960,USD_per_gallon,Chicago metro,regional_proxy,weekly,https://www.eia.gov/dnav/pet/hist/LeafHandler.ashx?f=W&n=PET&s=EMM_EPMR_PTE_YORD_DPG,observed
2023-07-31,fuel,4.132,USD_per_gallon,Chicago metro,regional_proxy,weekly,https://www.eia.gov/dnav/pet/hist/LeafHandler.ashx?f=W&n=PET&s=EMM_EPMR_PTE_YORD_DPG,observed
2023-08-07,fuel,4.202,USD_per_gallon,Chicago metro,regional_proxy,weekly,https://www.eia.gov/dnav/pet/hist/LeafHandler.ashx?f=W&n=PET&s=EMM_EPMR_PTE_YORD_DPG,observed
2023-08-14,fuel,4.404,USD_per_gallon,Chicago metro,regional_proxy,weekly,https://www.eia.gov/dnav/pet/hist/LeafHandler.ashx?f=W&n=PET&s=EMM_EPMR_PTE_YORD_DPG,observed
2023-08-21,fuel,4.340,USD_per_gallon,Chicago metro,regional_proxy,weekly,https://www.eia.gov/dnav/pet/hist/LeafHandler.ashx?f=W&n=PET&s=EMM_EPMR_PTE_YORD_DPG,observed
2023-08-28,fuel,4.272,USD_per_gallon,Chicago metro,regional_proxy,weekly,https://www.eia.gov/dnav/pet/hist/LeafHandler.ashx?f=W&n=PET&s=EMM_EPMR_PTE_YORD_DPG,observed
2023-09-04,fuel,4.189,USD_per_gallon,Chicago metro,regional_proxy,weekly,https://www.eia.gov/dnav/pet/hist/LeafHandler.ashx?f=W&n=PET&s=EMM_EPMR_PTE_YORD_DPG,observed
2023-09-11,fuel,4.108,USD_per_gallon,Chicago metro,regional_proxy,weekly,https://www.eia.gov/dnav/pet/hist/LeafHandler.ashx?f=W&n=PET&s=EMM_EPMR_PTE_YORD_DPG,observed
2023-09-18,fuel,4.068,USD_per_gallon,Chicago metro,regional_proxy,weekly,https://www.eia.gov/dnav/pet/hist/LeafHandler.ashx?f=W&n=PET&s=EMM_EPMR_PTE_YORD_DPG,observed
2023-09-25,fuel,3.962,USD_per_gallon,Chicago metro,regional_proxy,weekly,https://www.eia.gov/dnav/pet/hist/LeafHandler.ashx?f=W&n=PET&s=EMM_EPMR_PTE_YORD_DPG,observed
2023-10-02,fuel,3.814,USD_per_gallon,Chicago metro,regional_proxy,weekly,https://www.eia.gov/dnav/pet/hist/LeafHandler.ashx?f=W&n=PET&s=EMM_EPMR_PTE_YORD_DPG,observed
2023-10-09,fuel,3.677,USD_per_gallon,Chicago metro,regional_proxy,weekly,https://www.eia.gov/dnav/pet/hist/LeafHandler.ashx?f=W&n=PET&s=EMM_EPMR_PTE_YORD_DPG,observed
2023-10-16,fuel,3.628,USD_per_gallon,Chicago metro,regional_proxy,weekly,https://www.eia.gov/dnav/pet/hist/LeafHandler.ashx?f=W&n=PET&s=EMM_EPMR_PTE_YORD_DPG,observed
2023-10-23,fuel,3.635,USD_per_gallon,Chicago metro,regional_proxy,weekly,https://www.eia.gov/dnav/pet/hist/LeafHandler.ashx?f=W&n=PET&s=EMM_EPMR_PTE_YORD_DPG,observed
2023-10-30,fuel,3.551,USD_per_gallon,Chicago metro,regional_proxy,weekly,https://www.eia.gov/dnav/pet/hist/LeafHandler.ashx?f=W&n=PET&s=EMM_EPMR_PTE_YORD_DPG,observed
2023-11-06,fuel,3.553,USD_per_gallon,Chicago metro,regional_proxy,weekly,https://www.eia.gov/dnav/pet/hist/LeafHandler.ashx?f=W&n=PET&s=EMM_EPMR_PTE_YORD_DPG,observed
2023-11-13,fuel,3.591,USD_per_gallon,Chicago metro,regional_proxy,weekly,https://www.eia.gov/dnav/pet/hist/LeafHandler.ashx?f=W&n=PET&s=EMM_EPMR_PTE_YORD_DPG,observed
2023-11-20,fuel,3.533,USD_per_gallon,Chicago metro,regional_proxy,weekly,https://www.eia.gov/dnav/pet/hist/LeafHandler.ashx?f=W&n=PET&s=EMM_EPMR_PTE_YORD_DPG,observed
2023-11-27,fuel,3.448,USD_per_gallon,Chicago metro,regional_proxy,weekly,https://www.eia.gov/dnav/pet/hist/LeafHandler.ashx?f=W&n=PET&s=EMM_EPMR_PTE_YORD_DPG,observed
2023-12-04,fuel,3.390,USD_per_gallon,Chicago metro,regional_proxy,weekly,https://www.eia.gov/dnav/pet/hist/LeafHandler.ashx?f=W&n=PET&s=EMM_EPMR_PTE_YORD_DPG,observed
2023-12-11,fuel,3.305,USD_per_gallon,Chicago metro,regional_proxy,weekly,https://www.eia.gov/dnav/pet/hist/LeafHandler.ashx?f=W&n=PET&s=EMM_EPMR_PTE_YORD_DPG,observed
2023-12-18,fuel,3.150,USD_per_gallon,Chicago metro,regional_proxy,weekly,https://www.eia.gov/dnav/pet/hist/LeafHandler.ashx?f=W&n=PET&s=EMM_EPMR_PTE_YORD_DPG,observed
2023-12-25,fuel,3.089,USD_per_gallon,Chicago metro,regional_proxy,weekly,https://www.eia.gov/dnav/pet/hist/LeafHandler.ashx?f=W&n=PET&s=EMM_EPMR_PTE_YORD_DPG,observed
2024-01-01,fuel,2.981,USD_per_gallon,Chicago metro,regional_proxy,weekly,https://www.eia.gov/dnav/pet/hist/LeafHandler.ashx?f=W&n=PET&s=EMM_EPMR_PTE_YORD_DPG,observed
2024-01-08,fuel,3.040,USD_per_gallon,Chicago metro,regional_proxy,weekly,https://www.eia.gov/dnav/pet/hist/LeafHandler.ashx?f=W&n=PET&s=EMM_EPMR_PTE_YORD_DPG,observed
2024-01-15,fuel,3.161,USD_per_gallon,Chicago metro,regional_proxy,weekly,https://www.eia.gov/dnav/pet/hist/LeafHandler.ashx?f=W&n=PET&s=EMM_EPMR_PTE_YORD_DPG,observed
2024-01-22,fuel,3.321,USD_per_gallon,Chicago metro,regional_proxy,weekly,https://www.eia.gov/dnav/pet/hist/LeafHandler.ashx?f=W&n=PET&s=EMM_EPMR_PTE_YORD_DPG,observed
2024-01-29,fuel,3.234,USD_per_gallon,Chicago metro,regional_proxy,weekly,https://www.eia.gov/dnav/pet/hist/LeafHandler.ashx?f=W&n=PET&s=EMM_EPMR_PTE_YORD_DPG,observed
2024-02-05,fuel,3.212,USD_per_gallon,Chicago metro,regional_proxy,weekly,https://www.eia.gov/dnav/pet/hist/LeafHandler.ashx?f=W&n=PET&s=EMM_EPMR_PTE_YORD_DPG,observed
2024-02-12,fuel,3.389,USD_per_gallon,Chicago metro,regional_proxy,weekly,https://www.eia.gov/dnav/pet/hist/LeafHandler.ashx?f=W&n=PET&s=EMM_EPMR_PTE_YORD_DPG,observed
2024-02-19,fuel,3.544,USD_per_gallon,Chicago metro,regional_proxy,weekly,https://www.eia.gov/dnav/pet/hist/LeafHandler.ashx?f=W&n=PET&s=EMM_EPMR_PTE_YORD_DPG,observed
2024-02-26,fuel,3.518,USD_per_gallon,Chicago metro,regional_proxy,weekly,https://www.eia.gov/dnav/pet/hist/LeafHandler.ashx?f=W&n=PET&s=EMM_EPMR_PTE_YORD_DPG,observed
2024-03-04,fuel,3.828,USD_per_gallon,Chicago metro,regional_proxy,weekly,https://www.eia.gov/dnav/pet/hist/LeafHandler.ashx?f=W&n=PET&s=EMM_EPMR_PTE_YORD_DPG,observed
2024-03-11,fuel,3.763,USD_per_gallon,Chicago metro,regional_proxy,weekly,https://www.eia.gov/dnav/pet/hist/LeafHandler.ashx?f=W&n=PET&s=EMM_EPMR_PTE_YORD_DPG,observed
2024-03-18,fuel,3.757,USD_per_gallon,Chicago metro,regional_proxy,weekly,https://www.eia.gov/dnav/pet/hist/LeafHandler.ashx?f=W&n=PET&s=EMM_EPMR_PTE_YORD_DPG,observed
2024-03-25,fuel,3.968,USD_per_gallon,Chicago metro,regional_proxy,weekly,https://www.eia.gov/dnav/pet/hist/LeafHandler.ashx?f=W&n=PET&s=EMM_EPMR_PTE_YORD_DPG,observed
2024-04-01,fuel,3.918,USD_per_gallon,Chicago metro,regional_proxy,weekly,https://www.eia.gov/dnav/pet/hist/LeafHandler.ashx?f=W&n=PET&s=EMM_EPMR_PTE_YORD_DPG,observed
2024-04-08,fuel,4.102,USD_per_gallon,Chicago metro,regional_proxy,weekly,https://www.eia.gov/dnav/pet/hist/LeafHandler.ashx?f=W&n=PET&s=EMM_EPMR_PTE_YORD_DPG,observed
2024-04-15,fuel,4.074,USD_per_gallon,Chicago metro,regional_proxy,weekly,https://www.eia.gov/dnav/pet/hist/LeafHandler.ashx?f=W&n=PET&s=EMM_EPMR_PTE_YORD_DPG,observed
2024-04-22,fuel,3.986,USD_per_gallon,Chicago metro,regional_proxy,weekly,https://www.eia.gov/dnav/pet/hist/LeafHandler.ashx?f=W&n=PET&s=EMM_EPMR_PTE_YORD_DPG,observed
2024-04-29,fuel,4.046,USD_per_gallon,Chicago metro,regional_proxy,weekly,https://www.eia.gov/dnav/pet/hist/LeafHandler.ashx?f=W&n=PET&s=EMM_EPMR_PTE_YORD_DPG,observed
2024-05-06,fuel,3.973,USD_per_gallon,Chicago metro,regional_proxy,weekly,https://www.eia.gov/dnav/pet/hist/LeafHandler.ashx?f=W&n=PET&s=EMM_EPMR_PTE_YORD_DPG,observed
2024-05-13,fuel,4.028,USD_per_gallon,Chicago metro,regional_proxy,weekly,https://www.eia.gov/dnav/pet/hist/LeafHandler.ashx?f=W&n=PET&s=EMM_EPMR_PTE_YORD_DPG,observed
2024-05-20,fuel,3.993,USD_per_gallon,Chicago metro,regional_proxy,weekly,https://www.eia.gov/dnav/pet/hist/LeafHandler.ashx?f=W&n=PET&s=EMM_EPMR_PTE_YORD_DPG,observed
2024-05-27,fuel,4.316,USD_per_gallon,Chicago metro,regional_proxy,weekly,https://www.eia.gov/dnav/pet/hist/LeafHandler.ashx?f=W&n=PET&s=EMM_EPMR_PTE_YORD_DPG,observed
2024-06-03,fuel,4.088,USD_per_gallon,Chicago metro,regional_proxy,weekly,https://www.eia.gov/dnav/pet/hist/LeafHandler.ashx?f=W&n=PET&s=EMM_EPMR_PTE_YORD_DPG,observed
2024-06-10,fuel,3.958,USD_per_gallon,Chicago metro,regional_proxy,weekly,https://www.eia.gov/dnav/pet/hist/LeafHandler.ashx?f=W&n=PET&s=EMM_EPMR_PTE_YORD_DPG,observed
2024-06-17,fuel,3.928,USD_per_gallon,Chicago metro,regional_proxy,weekly,https://www.eia.gov/dnav/pet/hist/LeafHandler.ashx?f=W&n=PET&s=EMM_EPMR_PTE_YORD_DPG,observed
2024-06-24,fuel,3.975,USD_per_gallon,Chicago metro,regional_proxy,weekly,https://www.eia.gov/dnav/pet/hist/LeafHandler.ashx?f=W&n=PET&s=EMM_EPMR_PTE_YORD_DPG,observed
2024-07-01,fuel,4.031,USD_per_gallon,Chicago metro,regional_proxy,weekly,https://www.eia.gov/dnav/pet/hist/LeafHandler.ashx?f=W&n=PET&s=EMM_EPMR_PTE_YORD_DPG,observed
2024-07-08,fuel,3.949,USD_per_gallon,Chicago metro,regional_proxy,weekly,https://www.eia.gov/dnav/pet/hist/LeafHandler.ashx?f=W&n=PET&s=EMM_EPMR_PTE_YORD_DPG,observed
2024-07-15,fuel,4.017,USD_per_gallon,Chicago metro,regional_proxy,weekly,https://www.eia.gov/dnav/pet/hist/LeafHandler.ashx?f=W&n=PET&s=EMM_EPMR_PTE_YORD_DPG,observed
2024-07-22,fuel,4.175,USD_per_gallon,Chicago metro,regional_proxy,weekly,https://www.eia.gov/dnav/pet/hist/LeafHandler.ashx?f=W&n=PET&s=EMM_EPMR_PTE_YORD_DPG,observed
2024-07-29,fuel,4.270,USD_per_gallon,Chicago metro,regional_proxy,weekly,https://www.eia.gov/dnav/pet/hist/LeafHandler.ashx?f=W&n=PET&s=EMM_EPMR_PTE_YORD_DPG,observed
2024-08-05,fuel,4.138,USD_per_gallon,Chicago metro,regional_proxy,weekly,https://www.eia.gov/dnav/pet/hist/LeafHandler.ashx?f=W&n=PET&s=EMM_EPMR_PTE_YORD_DPG,observed
2024-08-12,fuel,4.026,USD_per_gallon,Chicago metro,regional_proxy,weekly,https://www.eia.gov/dnav/pet/hist/LeafHandler.ashx?f=W&n=PET&s=EMM_EPMR_PTE_YORD_DPG,observed
2024-08-19,fuel,3.915,USD_per_gallon,Chicago metro,regional_proxy,weekly,https://www.eia.gov/dnav/pet/hist/LeafHandler.ashx?f=W&n=PET&s=EMM_EPMR_PTE_YORD_DPG,observed
2024-08-26,fuel,3.763,USD_per_gallon,Chicago metro,regional_proxy,weekly,https://www.eia.gov/dnav/pet/hist/LeafHandler.ashx?f=W&n=PET&s=EMM_EPMR_PTE_YORD_DPG,observed
2024-09-02,fuel,3.719,USD_per_gallon,Chicago metro,regional_proxy,weekly,https://www.eia.gov/dnav/pet/hist/LeafHandler.ashx?f=W&n=PET&s=EMM_EPMR_PTE_YORD_DPG,observed
2024-09-09,fuel,3.604,USD_per_gallon,Chicago metro,regional_proxy,weekly,https://www.eia.gov/dnav/pet/hist/LeafHandler.ashx?f=W&n=PET&s=EMM_EPMR_PTE_YORD_DPG,observed
2024-09-16,fuel,3.505,USD_per_gallon,Chicago metro,regional_proxy,weekly,https://www.eia.gov/dnav/pet/hist/LeafHandler.ashx?f=W&n=PET&s=EMM_EPMR_PTE_YORD_DPG,observed
2024-09-23,fuel,3.558,USD_per_gallon,Chicago metro,regional_proxy,weekly,https://www.eia.gov/dnav/pet/hist/LeafHandler.ashx?f=W&n=PET&s=EMM_EPMR_PTE_YORD_DPG,observed
2024-09-30,fuel,3.675,USD_per_gallon,Chicago metro,regional_proxy,weekly,https://www.eia.gov/dnav/pet/hist/LeafHandler.ashx?f=W&n=PET&s=EMM_EPMR_PTE_YORD_DPG,observed
2024-10-07,fuel,3.558,USD_per_gallon,Chicago metro,regional_proxy,weekly,https://www.eia.gov/dnav/pet/hist/LeafHandler.ashx?f=W&n=PET&s=EMM_EPMR_PTE_YORD_DPG,observed
2024-10-14,fuel,3.613,USD_per_gallon,Chicago metro,regional_proxy,weekly,https://www.eia.gov/dnav/pet/hist/LeafHandler.ashx?f=W&n=PET&s=EMM_EPMR_PTE_YORD_DPG,observed
2024-10-21,fuel,3.470,USD_per_gallon,Chicago metro,regional_proxy,weekly,https://www.eia.gov/dnav/pet/hist/LeafHandler.ashx?f=W&n=PET&s=EMM_EPMR_PTE_YORD_DPG,observed
2024-10-28,fuel,3.349,USD_per_gallon,Chicago metro,regional_proxy,weekly,https://www.eia.gov/dnav/pet/hist/LeafHandler.ashx?f=W&n=PET&s=EMM_EPMR_PTE_YORD_DPG,observed
2024-11-04,fuel,3.340,USD_per_gallon,Chicago metro,regional_proxy,weekly,https://www.eia.gov/dnav/pet/hist/LeafHandler.ashx?f=W&n=PET&s=EMM_EPMR_PTE_YORD_DPG,observed
2024-11-11,fuel,3.240,USD_per_gallon,Chicago metro,regional_proxy,weekly,https://www.eia.gov/dnav/pet/hist/LeafHandler.ashx?f=W&n=PET&s=EMM_EPMR_PTE_YORD_DPG,observed
2024-11-18,fuel,3.280,USD_per_gallon,Chicago metro,regional_proxy,weekly,https://www.eia.gov/dnav/pet/hist/LeafHandler.ashx?f=W&n=PET&s=EMM_EPMR_PTE_YORD_DPG,observed
2024-11-25,fuel,3.258,USD_per_gallon,Chicago metro,regional_proxy,weekly,https://www.eia.gov/dnav/pet/hist/LeafHandler.ashx?f=W&n=PET&s=EMM_EPMR_PTE_YORD_DPG,observed
2024-12-02,fuel,3.346,USD_per_gallon,Chicago metro,regional_proxy,weekly,https://www.eia.gov/dnav/pet/hist/LeafHandler.ashx?f=W&n=PET&s=EMM_EPMR_PTE_YORD_DPG,observed
2024-12-09,fuel,3.219,USD_per_gallon,Chicago metro,regional_proxy,weekly,https://www.eia.gov/dnav/pet/hist/LeafHandler.ashx?f=W&n=PET&s=EMM_EPMR_PTE_YORD_DPG,observed
2024-12-16,fuel,3.297,USD_per_gallon,Chicago metro,regional_proxy,weekly,https://www.eia.gov/dnav/pet/hist/LeafHandler.ashx?f=W&n=PET&s=EMM_EPMR_PTE_YORD_DPG,observed
2024-12-23,fuel,3.380,USD_per_gallon,Chicago metro,regional_proxy,weekly,https://www.eia.gov/dnav/pet/hist/LeafHandler.ashx?f=W&n=PET&s=EMM_EPMR_PTE_YORD_DPG,observed
2024-12-30,fuel,3.322,USD_per_gallon,Chicago metro,regional_proxy,weekly,https://www.eia.gov/dnav/pet/hist/LeafHandler.ashx?f=W&n=PET&s=EMM_EPMR_PTE_YORD_DPG,observed
2025-01-06,fuel,3.289,USD_per_gallon,Chicago metro,regional_proxy,weekly,https://www.eia.gov/dnav/pet/hist/LeafHandler.ashx?f=W&n=PET&s=EMM_EPMR_PTE_YORD_DPG,observed
2025-01-13,fuel,3.324,USD_per_gallon,Chicago metro,regional_proxy,weekly,https://www.eia.gov/dnav/pet/hist/LeafHandler.ashx?f=W&n=PET&s=EMM_EPMR_PTE_YORD_DPG,observed
2025-01-20,fuel,3.360,USD_per_gallon,Chicago metro,regional_proxy,weekly,https://www.eia.gov/dnav/pet/hist/LeafHandler.ashx?f=W&n=PET&s=EMM_EPMR_PTE_YORD_DPG,observed
2025-01-27,fuel,3.361,USD_per_gallon,Chicago metro,regional_proxy,weekly,https://www.eia.gov/dnav/pet/hist/LeafHandler.ashx?f=W&n=PET&s=EMM_EPMR_PTE_YORD_DPG,observed
2025-02-03,fuel,3.303,USD_per_gallon,Chicago metro,regional_proxy,weekly,https://www.eia.gov/dnav/pet/hist/LeafHandler.ashx?f=W&n=PET&s=EMM_EPMR_PTE_YORD_DPG,observed
2025-02-10,fuel,3.329,USD_per_gallon,Chicago metro,regional_proxy,weekly,https://www.eia.gov/dnav/pet/hist/LeafHandler.ashx?f=W&n=PET&s=EMM_EPMR_PTE_YORD_DPG,observed
2025-02-17,fuel,3.356,USD_per_gallon,Chicago metro,regional_proxy,weekly,https://www.eia.gov/dnav/pet/hist/LeafHandler.ashx?f=W&n=PET&s=EMM_EPMR_PTE_YORD_DPG,observed
2025-02-24,fuel,3.311,USD_per_gallon,Chicago metro,regional_proxy,weekly,https://www.eia.gov/dnav/pet/hist/LeafHandler.ashx?f=W&n=PET&s=EMM_EPMR_PTE_YORD_DPG,observed
2025-03-03,fuel,3.252,USD_per_gallon,Chicago metro,regional_proxy,weekly,https://www.eia.gov/dnav/pet/hist/LeafHandler.ashx?f=W&n=PET&s=EMM_EPMR_PTE_YORD_DPG,observed
2025-03-10,fuel,3.293,USD_per_gallon,Chicago metro,regional_proxy,weekly,https://www.eia.gov/dnav/pet/hist/LeafHandler.ashx?f=W&n=PET&s=EMM_EPMR_PTE_YORD_DPG,observed
2025-03-17,fuel,3.295,USD_per_gallon,Chicago metro,regional_proxy,weekly,https://www.eia.gov/dnav/pet/hist/LeafHandler.ashx?f=W&n=PET&s=EMM_EPMR_PTE_YORD_DPG,observed
2025-03-24,fuel,3.523,USD_per_gallon,Chicago metro,regional_proxy,weekly,https://www.eia.gov/dnav/pet/hist/LeafHandler.ashx?f=W&n=PET&s=EMM_EPMR_PTE_YORD_DPG,observed
2025-03-31,fuel,3.558,USD_per_gallon,Chicago metro,regional_proxy,weekly,https://www.eia.gov/dnav/pet/hist/LeafHandler.ashx?f=W&n=PET&s=EMM_EPMR_PTE_YORD_DPG,observed
2025-04-07,fuel,3.546,USD_per_gallon,Chicago metro,regional_proxy,weekly,https://www.eia.gov/dnav/pet/hist/LeafHandler.ashx?f=W&n=PET&s=EMM_EPMR_PTE_YORD_DPG,observed
2025-04-14,fuel,3.426,USD_per_gallon,Chicago metro,regional_proxy,weekly,https://www.eia.gov/dnav/pet/hist/LeafHandler.ashx?f=W&n=PET&s=EMM_EPMR_PTE_YORD_DPG,observed
2025-04-21,fuel,3.400,USD_per_gallon,Chicago metro,regional_proxy,weekly,https://www.eia.gov/dnav/pet/hist/LeafHandler.ashx?f=W&n=PET&s=EMM_EPMR_PTE_YORD_DPG,observed
2025-04-28,fuel,3.406,USD_per_gallon,Chicago metro,regional_proxy,weekly,https://www.eia.gov/dnav/pet/hist/LeafHandler.ashx?f=W&n=PET&s=EMM_EPMR_PTE_YORD_DPG,observed
2025-05-05,fuel,3.367,USD_per_gallon,Chicago metro,regional_proxy,weekly,https://www.eia.gov/dnav/pet/hist/LeafHandler.ashx?f=W&n=PET&s=EMM_EPMR_PTE_YORD_DPG,observed
2025-05-12,fuel,3.446,USD_per_gallon,Chicago metro,regional_proxy,weekly,https://www.eia.gov/dnav/pet/hist/LeafHandler.ashx?f=W&n=PET&s=EMM_EPMR_PTE_YORD_DPG,observed
2025-05-19,fuel,3.386,USD_per_gallon,Chicago metro,regional_proxy,weekly,https://www.eia.gov/dnav/pet/hist/LeafHandler.ashx?f=W&n=PET&s=EMM_EPMR_PTE_YORD_DPG,observed
2025-05-26,fuel,3.477,USD_per_gallon,Chicago metro,regional_proxy,weekly,https://www.eia.gov/dnav/pet/hist/LeafHandler.ashx?f=W&n=PET&s=EMM_EPMR_PTE_YORD_DPG,observed
2025-06-02,fuel,3.422,USD_per_gallon,Chicago metro,regional_proxy,weekly,https://www.eia.gov/dnav/pet/hist/LeafHandler.ashx?f=W&n=PET&s=EMM_EPMR_PTE_YORD_DPG,observed
2025-06-09,fuel,3.398,USD_per_gallon,Chicago metro,regional_proxy,weekly,https://www.eia.gov/dnav/pet/hist/LeafHandler.ashx?f=W&n=PET&s=EMM_EPMR_PTE_YORD_DPG,observed
2025-06-16,fuel,3.587,USD_per_gallon,Chicago metro,regional_proxy,weekly,https://www.eia.gov/dnav/pet/hist/LeafHandler.ashx?f=W&n=PET&s=EMM_EPMR_PTE_YORD_DPG,observed
2025-06-23,fuel,3.558,USD_per_gallon,Chicago metro,regional_proxy,weekly,https://www.eia.gov/dnav/pet/hist/LeafHandler.ashx?f=W&n=PET&s=EMM_EPMR_PTE_YORD_DPG,observed
2025-06-30,fuel,3.551,USD_per_gallon,Chicago metro,regional_proxy,weekly,https://www.eia.gov/dnav/pet/hist/LeafHandler.ashx?f=W&n=PET&s=EMM_EPMR_PTE_YORD_DPG,observed
2025-07-07,fuel,3.495,USD_per_gallon,Chicago metro,regional_proxy,weekly,https://www.eia.gov/dnav/pet/hist/LeafHandler.ashx?f=W&n=PET&s=EMM_EPMR_PTE_YORD_DPG,observed
2025-07-14,fuel,3.576,USD_per_gallon,Chicago metro,regional_proxy,weekly,https://www.eia.gov/dnav/pet/hist/LeafHandler.ashx?f=W&n=PET&s=EMM_EPMR_PTE_YORD_DPG,observed
2025-07-21,fuel,3.536,USD_per_gallon,Chicago metro,regional_proxy,weekly,https://www.eia.gov/dnav/pet/hist/LeafHandler.ashx?f=W&n=PET&s=EMM_EPMR_PTE_YORD_DPG,observed
2025-07-28,fuel,3.465,USD_per_gallon,Chicago metro,regional_proxy,weekly,https://www.eia.gov/dnav/pet/hist/LeafHandler.ashx?f=W&n=PET&s=EMM_EPMR_PTE_YORD_DPG,observed
2025-08-04,fuel,3.524,USD_per_gallon,Chicago metro,regional_proxy,weekly,https://www.eia.gov/dnav/pet/hist/LeafHandler.ashx?f=W&n=PET&s=EMM_EPMR_PTE_YORD_DPG,observed
2025-08-11,fuel,3.425,USD_per_gallon,Chicago metro,regional_proxy,weekly,https://www.eia.gov/dnav/pet/hist/LeafHandler.ashx?f=W&n=PET&s=EMM_EPMR_PTE_YORD_DPG,observed
2025-08-18,fuel,3.494,USD_per_gallon,Chicago metro,regional_proxy,weekly,https://www.eia.gov/dnav/pet/hist/LeafHandler.ashx?f=W&n=PET&s=EMM_EPMR_PTE_YORD_DPG,observed
2025-08-25,fuel,3.455,USD_per_gallon,Chicago metro,regional_proxy,weekly,https://www.eia.gov/dnav/pet/hist/LeafHandler.ashx?f=W&n=PET&s=EMM_EPMR_PTE_YORD_DPG,observed
2025-09-01,fuel,3.657,USD_per_gallon,Chicago metro,regional_proxy,weekly,https://www.eia.gov/dnav/pet/hist/LeafHandler.ashx?f=W&n=PET&s=EMM_EPMR_PTE_YORD_DPG,observed
2025-09-08,fuel,3.594,USD_per_gallon,Chicago metro,regional_proxy,weekly,https://www.eia.gov/dnav/pet/hist/LeafHandler.ashx?f=W&n=PET&s=EMM_EPMR_PTE_YORD_DPG,observed
2025-09-15,fuel,3.521,USD_per_gallon,Chicago metro,regional_proxy,weekly,https://www.eia.gov/dnav/pet/hist/LeafHandler.ashx?f=W&n=PET&s=EMM_EPMR_PTE_YORD_DPG,observed
2025-09-22,fuel,3.466,USD_per_gallon,Chicago metro,regional_proxy,weekly,https://www.eia.gov/dnav/pet/hist/LeafHandler.ashx?f=W&n=PET&s=EMM_EPMR_PTE_YORD_DPG,observed
2025-09-29,fuel,3.489,USD_per_gallon,Chicago metro,regional_proxy,weekly,https://www.eia.gov/dnav/pet/hist/LeafHandler.ashx?f=W&n=PET&s=EMM_EPMR_PTE_YORD_DPG,observed
2025-10-06,fuel,3.409,USD_per_gallon,Chicago metro,regional_proxy,weekly,https://www.eia.gov/dnav/pet/hist/LeafHandler.ashx?f=W&n=PET&s=EMM_EPMR_PTE_YORD_DPG,observed
2025-10-13,fuel,3.243,USD_per_gallon,Chicago metro,regional_proxy,weekly,https://www.eia.gov/dnav/pet/hist/LeafHandler.ashx?f=W&n=PET&s=EMM_EPMR_PTE_YORD_DPG,observed
2025-10-20,fuel,3.181,USD_per_gallon,Chicago metro,regional_proxy,weekly,https://www.eia.gov/dnav/pet/hist/LeafHandler.ashx?f=W&n=PET&s=EMM_EPMR_PTE_YORD_DPG,observed
2025-10-27,fuel,3.352,USD_per_gallon,Chicago metro,regional_proxy,weekly,https://www.eia.gov/dnav/pet/hist/LeafHandler.ashx?f=W&n=PET&s=EMM_EPMR_PTE_YORD_DPG,observed
2025-11-03,fuel,3.247,USD_per_gallon,Chicago metro,regional_proxy,weekly,https://www.eia.gov/dnav/pet/hist/LeafHandler.ashx?f=W&n=PET&s=EMM_EPMR_PTE_YORD_DPG,observed
2025-11-10,fuel,3.332,USD_per_gallon,Chicago metro,regional_proxy,weekly,https://www.eia.gov/dnav/pet/hist/LeafHandler.ashx?f=W&n=PET&s=EMM_EPMR_PTE_YORD_DPG,observed
2025-11-17,fuel,3.255,USD_per_gallon,Chicago metro,regional_proxy,weekly,https://www.eia.gov/dnav/pet/hist/LeafHandler.ashx?f=W&n=PET&s=EMM_EPMR_PTE_YORD_DPG,observed
2025-11-24,fuel,3.331,USD_per_gallon,Chicago metro,regional_proxy,weekly,https://www.eia.gov/dnav/pet/hist/LeafHandler.ashx?f=W&n=PET&s=EMM_EPMR_PTE_YORD_DPG,observed
2025-12-01,fuel,3.184,USD_per_gallon,Chicago metro,regional_proxy,weekly,https://www.eia.gov/dnav/pet/hist/LeafHandler.ashx?f=W&n=PET&s=EMM_EPMR_PTE_YORD_DPG,observed
2025-12-08,fuel,3.095,USD_per_gallon,Chicago metro,regional_proxy,weekly,https://www.eia.gov/dnav/pet/hist/LeafHandler.ashx?f=W&n=PET&s=EMM_EPMR_PTE_YORD_DPG,observed
2025-12-15,fuel,3.078,USD_per_gallon,Chicago metro,regional_proxy,weekly,https://www.eia.gov/dnav/pet/hist/LeafHandler.ashx?f=W&n=PET&s=EMM_EPMR_PTE_YORD_DPG,observed
2025-12-22,fuel,2.990,USD_per_gallon,Chicago metro,regional_proxy,weekly,https://www.eia.gov/dnav/pet/hist/LeafHandler.ashx?f=W&n=PET&s=EMM_EPMR_PTE_YORD_DPG,observed
2025-12-29,fuel,3.018,USD_per_gallon,Chicago metro,regional_proxy,weekly,https://www.eia.gov/dnav/pet/hist/LeafHandler.ashx?f=W&n=PET&s=EMM_EPMR_PTE_YORD_DPG,observed
2026-01-05,fuel,2.942,USD_per_gallon,Chicago metro,regional_proxy,weekly,https://www.eia.gov/dnav/pet/hist/LeafHandler.ashx?f=W&n=PET&s=EMM_EPMR_PTE_YORD_DPG,observed
2026-01-12,fuel,2.921,USD_per_gallon,Chicago metro,regional_proxy,weekly,https://www.eia.gov/dnav/pet/hist/LeafHandler.ashx?f=W&n=PET&s=EMM_EPMR_PTE_YORD_DPG,observed
2026-01-19,fuel,2.913,USD_per_gallon,Chicago metro,regional_proxy,weekly,https://www.eia.gov/dnav/pet/hist/LeafHandler.ashx?f=W&n=PET&s=EMM_EPMR_PTE_YORD_DPG,observed
2026-01-26,fuel,2.973,USD_per_gallon,Chicago metro,regional_proxy,weekly,https://www.eia.gov/dnav/pet/hist/LeafHandler.ashx?f=W&n=PET&s=EMM_EPMR_PTE_YORD_DPG,observed
2026-02-02,fuel,2.938,USD_per_gallon,Chicago metro,regional_proxy,weekly,https://www.eia.gov/dnav/pet/hist/LeafHandler.ashx?f=W&n=PET&s=EMM_EPMR_PTE_YORD_DPG,observed
2026-02-09,fuel,3.006,USD_per_gallon,Chicago metro,regional_proxy,weekly,https://www.eia.gov/dnav/pet/hist/LeafHandler.ashx?f=W&n=PET&s=EMM_EPMR_PTE_YORD_DPG,observed
2026-02-16,fuel,3.014,USD_per_gallon,Chicago metro,regional_proxy,weekly,https://www.eia.gov/dnav/pet/hist/LeafHandler.ashx?f=W&n=PET&s=EMM_EPMR_PTE_YORD_DPG,observed
2026-02-23,fuel,2.909,USD_per_gallon,Chicago metro,regional_proxy,weekly,https://www.eia.gov/dnav/pet/hist/LeafHandler.ashx?f=W&n=PET&s=EMM_EPMR_PTE_YORD_DPG,observed
2026-03-02,fuel,3.028,USD_per_gallon,Chicago metro,regional_proxy,weekly,https://www.eia.gov/dnav/pet/hist/LeafHandler.ashx?f=W&n=PET&s=EMM_EPMR_PTE_YORD_DPG,observed
2026-03-09,fuel,3.555,USD_per_gallon,Chicago metro,regional_proxy,weekly,https://www.eia.gov/dnav/pet/hist/LeafHandler.ashx?f=W&n=PET&s=EMM_EPMR_PTE_YORD_DPG,observed
2026-03-16,fuel,3.613,USD_per_gallon,Chicago metro,regional_proxy,weekly,https://www.eia.gov/dnav/pet/hist/LeafHandler.ashx?f=W&n=PET&s=EMM_EPMR_PTE_YORD_DPG,observed
2026-03-23,fuel,4.178,USD_per_gallon,Chicago metro,regional_proxy,weekly,https://www.eia.gov/dnav/pet/hist/LeafHandler.ashx?f=W&n=PET&s=EMM_EPMR_PTE_YORD_DPG,observed
2026-03-30,fuel,4.250,USD_per_gallon,Chicago metro,regional_proxy,weekly,https://www.eia.gov/dnav/pet/hist/LeafHandler.ashx?f=W&n=PET&s=EMM_EPMR_PTE_YORD_DPG,observed
2026-04-06,fuel,4.232,USD_per_gallon,Chicago metro,regional_proxy,weekly,https://www.eia.gov/dnav/pet/hist/LeafHandler.ashx?f=W&n=PET&s=EMM_EPMR_PTE_YORD_DPG,observed
2026-04-13,fuel,4.347,USD_per_gallon,Chicago metro,regional_proxy,weekly,https://www.eia.gov/dnav/pet/hist/LeafHandler.ashx?f=W&n=PET&s=EMM_EPMR_PTE_YORD_DPG,observed
2026-04-20,fuel,4.245,USD_per_gallon,Chicago metro,regional_proxy,weekly,https://www.eia.gov/dnav/pet/hist/LeafHandler.ashx?f=W&n=PET&s=EMM_EPMR_PTE_YORD_DPG,observed
2026-04-27,fuel,4.277,USD_per_gallon,Chicago metro,regional_proxy,weekly,https://www.eia.gov/dnav/pet/hist/LeafHandler.ashx?f=W&n=PET&s=EMM_EPMR_PTE_YORD_DPG,observed
2026-05-04,fuel,4.922,USD_per_gallon,Chicago metro,regional_proxy,weekly,https://www.eia.gov/dnav/pet/hist/LeafHandler.ashx?f=W&n=PET&s=EMM_EPMR_PTE_YORD_DPG,observed
2026-05-11,fuel,4.833,USD_per_gallon,Chicago metro,regional_proxy,weekly,https://www.eia.gov/dnav/pet/hist/LeafHandler.ashx?f=W&n=PET&s=EMM_EPMR_PTE_YORD_DPG,observed
2026-05-18,fuel,4.997,USD_per_gallon,Chicago metro,regional_proxy,weekly,https://www.eia.gov/dnav/pet/hist/LeafHandler.ashx?f=W&n=PET&s=EMM_EPMR_PTE_YORD_DPG,observed
2026-05-25,fuel,4.824,USD_per_gallon,Chicago metro,regional_proxy,weekly,https://www.eia.gov/dnav/pet/hist/LeafHandler.ashx?f=W&n=PET&s=EMM_EPMR_PTE_YORD_DPG,observed
2026-06-01,fuel,4.659,USD_per_gallon,Chicago metro,regional_proxy,weekly,https://www.eia.gov/dnav/pet/hist/LeafHandler.ashx?f=W&n=PET&s=EMM_EPMR_PTE_YORD_DPG,observed
2026-06-08,fuel,4.422,USD_per_gallon,Chicago metro,regional_proxy,weekly,https://www.eia.gov/dnav/pet/hist/LeafHandler.ashx?f=W&n=PET&s=EMM_EPMR_PTE_YORD_DPG,observed
2026-06-15,fuel,4.258,USD_per_gallon,Chicago metro,regional_proxy,weekly,https://www.eia.gov/dnav/pet/hist/LeafHandler.ashx?f=W&n=PET&s=EMM_EPMR_PTE_YORD_DPG,observed
2026-06-22,fuel,4.079,USD_per_gallon,Chicago metro,regional_proxy,weekly,https://www.eia.gov/dnav/pet/hist/LeafHandler.ashx?f=W&n=PET&s=EMM_EPMR_PTE_YORD_DPG,observed
2026-06-29,fuel,4.016,USD_per_gallon,Chicago metro,regional_proxy,weekly,https://www.eia.gov/dnav/pet/hist/LeafHandler.ashx?f=W&n=PET&s=EMM_EPMR_PTE_YORD_DPG,observed
2026-07-06,fuel,3.893,USD_per_gallon,Chicago metro,regional_proxy,weekly,https://www.eia.gov/dnav/pet/hist/LeafHandler.ashx?f=W&n=PET&s=EMM_EPMR_PTE_YORD_DPG,observed
2026-07-13,fuel,3.982,USD_per_gallon,Chicago metro,regional_proxy,weekly,https://www.eia.gov/dnav/pet/hist/LeafHandler.ashx?f=W&n=PET&s=EMM_EPMR_PTE_YORD_DPG,observed
2026-07-20,fuel,4.032,USD_per_gallon,Chicago metro,regional_proxy,weekly,https://www.eia.gov/dnav/pet/hist/LeafHandler.ashx?f=W&n=PET&s=EMM_EPMR_PTE_YORD_DPG,observed
2026-07-27,fuel,4.129,USD_per_gallon,Chicago metro,regional_proxy,weekly,https://www.eia.gov/dnav/pet/hist/LeafHandler.ashx?f=W&n=PET&s=EMM_EPMR_PTE_YORD_DPG,observed
2026-08-03,fuel,4.275,USD_per_gallon,Chicago metro,regional_proxy,weekly,https://www.eia.gov/dnav/pet/hist/LeafHandler.ashx?f=W&n=PET&s=EMM_EPMR_PTE_YORD_DPG,observed
2026-08-10,fuel,4.166,USD_per_gallon,Chicago metro,regional_proxy,weekly,https://www.eia.gov/dnav/pet/hist/LeafHandler.ashx?f=W&n=PET&s=EMM_EPMR_PTE_YORD_DPG,observed
2026-08-17,fuel,4.289,USD_per_gallon,Chicago metro,regional_proxy,weekly,https://www.eia.gov/dnav/pet/hist/LeafHandler.ashx?f=W&n=PET&s=EMM_EPMR_PTE_YORD_DPG,observed
2026-08-24,fuel,4.348,USD_per_gallon,Chicago metro,regional_proxy,weekly,https://www.eia.gov/dnav/pet/hist/LeafHandler.ashx?f=W&n=PET&s=EMM_EPMR_PTE_YORD_DPG,observed
2026-08-31,fuel,4.243,USD_per_gallon,Chicago metro,regional_proxy,weekly,https://www.eia.gov/dnav/pet/hist/LeafHandler.ashx?f=W&n=PET&s=EMM_EPMR_PTE_YORD_DPG,observed
2026-09-07,fuel,4.321,USD_per_gallon,Chicago metro,regional_proxy,weekly,https://www.eia.gov/dnav/pet/hist/LeafHandler.ashx?f=W&n=PET&s=EMM_EPMR_PTE_YORD_DPG,observed
2026-09-14,fuel,4.420,USD_per_gallon,Chicago metro,regional_proxy,weekly,https://www.eia.gov/dnav/pet/hist/LeafHandler.ashx?f=W&n=PET&s=EMM_EPMR_PTE_YORD_DPG,observed
2026-09-21,fuel,4.879,USD_per_gallon,Chicago metro,regional_proxy,weekly,https://www.eia.gov/dnav/pet/hist/LeafHandler.ashx?f=W&n=PET&s=EMM_EPMR_PTE_YORD_DPG,observed
2026-09-28,fuel,4.759,USD_per_gallon,Chicago metro,regional_proxy,weekly,https://www.eia.gov/dnav/pet/hist/LeafHandler.ashx?f=W&n=PET&s=EMM_EPMR_PTE_YORD_DPG,observed
2026-10-05,fuel,4.633,USD_per_gallon,Chicago metro,regional_proxy,weekly,https://www.eia.gov/dnav/pet/hist/LeafHandler.ashx?f=W&n=PET&s=EMM_EPMR_PTE_YORD_DPG,observed
